attempt_id,order_id,attempt_number,attempt_date,attempt_status,failure_reason,customer_contacted,rescheduled,delivery_agent_note
ATT-00001,ORD-10000,1,2026-08-02,DELIVERED,,True,False,Delivered successfully
ATT-00002,ORD-10001,1,2026-06-15,FAILED,CUSTOMER_REFUSED,True,False,Delivery attempt unsuccessful
ATT-00003,ORD-10002,1,2026-07-13,DELIVERED,,True,False,Delivered successfully
ATT-00004,ORD-10003,1,2026-06-14,DELIVERED,,True,False,Delivered successfully
ATT-00005,ORD-10004,1,2026-08-21,DELIVERED,,True,False,Delivered successfully
ATT-00006,ORD-10005,1,2026-07-16,DELIVERED,,True,False,Delivered successfully
ATT-00007,ORD-10006,1,2026-06-06,DELIVERED,,True,False,Delivered successfully
ATT-00008,ORD-10007,1,2026-07-10,DELIVERED,,True,False,Delivered successfully
ATT-00009,ORD-10008,1,2026-06-22,DELIVERED,,True,False,Delivered successfully
ATT-00010,ORD-10009,1,2026-08-22,DELIVERED,,True,False,Delivered successfully
ATT-00011,ORD-10010,1,2026-07-06,DELIVERED,,True,False,Delivered successfully
ATT-00012,ORD-10011,1,2026-07-30,DELIVERED,,True,False,Delivered successfully
ATT-00013,ORD-10012,1,2026-06-25,DELIVERED,,True,False,Delivered successfully
ATT-00014,ORD-10013,1,2026-06-05,DELIVERED,,True,False,Delivered successfully
ATT-00015,ORD-10014,1,2026-08-11,DELIVERED,,True,False,Delivered successfully
ATT-00016,ORD-10015,1,2026-07-14,DELIVERED,,True,False,Delivered successfully
ATT-00017,ORD-10016,1,2026-07-08,DELIVERED,,True,False,Delivered successfully
ATT-00018,ORD-10017,1,2026-07-04,DELIVERED,,True,False,Delivered successfully
ATT-00019,ORD-10018,1,2026-06-23,DELIVERED,,True,False,Delivered successfully
ATT-00020,ORD-10019,1,2026-08-24,DELIVERED,,True,False,Delivered successfully
ATT-00021,ORD-10020,1,2026-07-01,FAILED,DELIVERY_DELAY,True,False,Delivery attempt unsuccessful
ATT-00022,ORD-10020,2,2026-07-01,FAILED,CUSTOMER_UNAVAILABLE,True,False,Delivery attempt unsuccessful
ATT-00023,ORD-10021,1,2026-08-28,FAILED,ADDRESS_INCORRECT,False,False,Delivery attempt unsuccessful
ATT-00024,ORD-10021,2,2026-08-28,FAILED,DELIVERY_DELAY,True,False,Delivery attempt unsuccessful
ATT-00025,ORD-10021,3,2026-08-28,FAILED,ADDRESS_NOT_FOUND,True,False,Delivery attempt unsuccessful
ATT-00026,ORD-10022,1,2026-06-29,DELIVERED,,True,False,Delivered successfully
ATT-00027,ORD-10023,1,2026-08-05,DELIVERED,,True,False,Delivered successfully
ATT-00028,ORD-10024,1,2026-07-29,DELIVERED,,True,False,Delivered successfully
ATT-00029,ORD-10025,1,2026-09-01,DELIVERED,,True,False,Delivered successfully
ATT-00030,ORD-10026,1,2026-08-03,DELIVERED,,True,False,Delivered successfully
ATT-00031,ORD-10027,1,2026-06-28,DELIVERED,,True,False,Delivered successfully
ATT-00032,ORD-10028,1,2026-07-03,DELIVERED,,True,False,Delivered successfully
ATT-00033,ORD-10029,1,2026-08-20,DELIVERED,,True,False,Delivered successfully
ATT-00034,ORD-10030,1,2026-08-06,FAILED,CUSTOMER_UNAVAILABLE,True,False,Delivery attempt unsuccessful
ATT-00035,ORD-10031,1,2026-08-01,DELIVERED,,True,False,Delivered successfully
ATT-00036,ORD-10032,1,2026-08-11,DELIVERED,,True,False,Delivered successfully
ATT-00037,ORD-10033,1,2026-06-08,DELIVERED,,True,False,Delivered successfully
ATT-00038,ORD-10034,1,2026-08-09,DELIVERED,,True,False,Delivered successfully
ATT-00039,ORD-10035,1,2026-07-20,DELIVERED,,True,False,Delivered successfully
ATT-00040,ORD-10036,1,2026-06-13,DELIVERED,,True,False,Delivered successfully
ATT-00041,ORD-10037,1,2026-08-11,DELIVERED,,True,False,Delivered successfully
ATT-00042,ORD-10038,1,2026-07-05,DELIVERED,,True,False,Delivered successfully
ATT-00043,ORD-10039,1,2026-07-15,DELIVERED,,True,False,Delivered successfully
ATT-00044,ORD-10040,1,2026-06-24,DELIVERED,,True,False,Delivered successfully
ATT-00045,ORD-10041,1,2026-06-07,DELIVERED,,True,False,Delivered successfully
ATT-00046,ORD-10042,1,2026-07-28,DELIVERED,,True,False,Delivered successfully
ATT-00047,ORD-10043,1,2026-08-13,DELIVERED,,True,False,Delivered successfully
ATT-00048,ORD-10044,1,2026-07-28,DELIVERED,,True,False,Delivered successfully
ATT-00049,ORD-10045,1,2026-07-01,DELIVERED,,True,False,Delivered successfully
ATT-00050,ORD-10046,1,2026-08-14,DELIVERED,,True,False,Delivered successfully
ATT-00051,ORD-10047,1,2026-07-08,DELIVERED,,True,False,Delivered successfully
ATT-00052,ORD-10048,1,2026-07-30,DELIVERED,,True,False,Delivered successfully
ATT-00053,ORD-10049,1,2026-07-12,DELIVERED,,True,False,Delivered successfully
ATT-00054,ORD-10050,1,2026-08-01,DELIVERED,,True,False,Delivered successfully
ATT-00055,ORD-10051,1,2026-08-14,DELIVERED,,True,False,Delivered successfully
ATT-00056,ORD-10052,1,2026-08-04,DELIVERED,,True,False,Delivered successfully
ATT-00057,ORD-10053,1,2026-08-28,DELIVERED,,True,False,Delivered successfully
ATT-00058,ORD-10054,1,2026-06-14,DELIVERED,,True,False,Delivered successfully
ATT-00059,ORD-10055,1,2026-06-09,DELIVERED,,True,False,Delivered successfully
ATT-00060,ORD-10056,1,2026-07-26,DELIVERED,,True,False,Delivered successfully
ATT-00061,ORD-10057,1,2026-08-28,DELIVERED,,True,False,Delivered successfully
ATT-00062,ORD-10058,1,2026-08-05,DELIVERED,,True,False,Delivered successfully
ATT-00063,ORD-10059,1,2026-06-12,DELIVERED,,True,False,Delivered successfully
ATT-00064,ORD-10060,1,2026-07-19,DELIVERED,,True,False,Delivered successfully
ATT-00065,ORD-10061,1,2026-07-30,DELIVERED,,True,False,Delivered successfully
ATT-00066,ORD-10062,1,2026-06-05,DELIVERED,,True,False,Delivered successfully
ATT-00067,ORD-10063,1,2026-08-19,DELIVERED,,True,False,Delivered successfully
ATT-00068,ORD-10064,1,2026-06-29,DELIVERED,,True,False,Delivered successfully
ATT-00069,ORD-10065,1,2026-08-20,DELIVERED,,True,False,Delivered successfully
ATT-00070,ORD-10066,1,2026-06-22,DELIVERED,,True,False,Delivered successfully
ATT-00071,ORD-10067,1,2026-06-29,DELIVERED,,True,False,Delivered successfully
ATT-00072,ORD-10068,1,2026-06-18,DELIVERED,,True,False,Delivered successfully
ATT-00073,ORD-10069,1,2026-06-06,DELIVERED,,True,False,Delivered successfully
ATT-00074,ORD-10070,1,2026-06-15,DELIVERED,,True,False,Delivered successfully
ATT-00075,ORD-10071,1,2026-08-06,DELIVERED,,True,False,Delivered successfully
ATT-00076,ORD-10072,1,2026-06-08,DELIVERED,,True,False,Delivered successfully
ATT-00077,ORD-10073,1,2026-07-19,DELIVERED,,True,False,Delivered successfully
ATT-00078,ORD-10074,1,2026-08-07,DELIVERED,,True,False,Delivered successfully
ATT-00079,ORD-10075,1,2026-07-18,DELIVERED,,True,False,Delivered successfully
ATT-00080,ORD-10076,1,2026-08-31,DELIVERED,,True,False,Delivered successfully
ATT-00081,ORD-10077,1,2026-06-13,DELIVERED,,True,False,Delivered successfully
ATT-00082,ORD-10078,1,2026-06-17,DELIVERED,,True,False,Delivered successfully
ATT-00083,ORD-10079,1,2026-07-06,DELIVERED,,True,False,Delivered successfully
ATT-00084,ORD-10080,1,2026-07-27,DELIVERED,,True,False,Delivered successfully
ATT-00085,ORD-10081,1,2026-08-01,DELIVERED,,True,False,Delivered successfully
ATT-00086,ORD-10082,1,2026-06-16,DELIVERED,,True,False,Delivered successfully
ATT-00087,ORD-10083,1,2026-07-23,DELIVERED,,True,False,Delivered successfully
ATT-00088,ORD-10084,1,2026-07-21,DELIVERED,,True,False,Delivered successfully
ATT-00089,ORD-10085,1,2026-08-31,DELIVERED,,True,False,Delivered successfully
ATT-00090,ORD-10086,1,2026-07-28,DELIVERED,,True,False,Delivered successfully
ATT-00091,ORD-10087,1,2026-08-02,DELIVERED,,True,False,Delivered successfully
ATT-00092,ORD-10088,1,2026-07-18,DELIVERED,,True,False,Delivered successfully
ATT-00093,ORD-10089,1,2026-07-16,DELIVERED,,True,False,Delivered successfully
ATT-00094,ORD-10090,1,2026-06-14,DELIVERED,,True,False,Delivered successfully
ATT-00095,ORD-10091,1,2026-07-29,DELIVERED,,True,False,Delivered successfully
ATT-00096,ORD-10092,1,2026-07-02,DELIVERED,,True,False,Delivered successfully
ATT-00097,ORD-10093,1,2026-06-26,DELIVERED,,True,False,Delivered successfully
ATT-00098,ORD-10094,1,2026-06-26,DELIVERED,,True,False,Delivered successfully
ATT-00099,ORD-10095,1,2026-08-03,DELIVERED,,True,False,Delivered successfully
ATT-00100,ORD-10096,1,2026-09-02,DELIVERED,,True,False,Delivered successfully
ATT-00101,ORD-10097,1,2026-06-18,DELIVERED,,True,False,Delivered successfully
ATT-00102,ORD-10098,1,2026-07-19,DELIVERED,,True,False,Delivered successfully
ATT-00103,ORD-10099,1,2026-06-20,DELIVERED,,True,False,Delivered successfully
ATT-00104,ORD-10100,1,2026-08-02,DELIVERED,,True,False,Delivered successfully
ATT-00105,ORD-10101,1,2026-07-02,DELIVERED,,True,False,Delivered successfully
ATT-00106,ORD-10102,1,2026-08-02,DELIVERED,,True,False,Delivered successfully
ATT-00107,ORD-10103,1,2026-06-16,FAILED,PHONE_UNREACHABLE,True,False,Delivery attempt unsuccessful
ATT-00108,ORD-10103,2,2026-06-16,FAILED,CUSTOMER_REFUSED,True,False,Delivery attempt unsuccessful
ATT-00109,ORD-10104,1,2026-07-23,DELIVERED,,True,False,Delivered successfully
ATT-00110,ORD-10105,1,2026-06-06,DELIVERED,,True,False,Delivered successfully
ATT-00111,ORD-10106,1,2026-08-12,DELIVERED,,True,False,Delivered successfully
ATT-00112,ORD-10107,1,2026-07-19,DELIVERED,,True,False,Delivered successfully
ATT-00113,ORD-10108,1,2026-08-01,FAILED,ADDRESS_NOT_FOUND,True,False,Delivery attempt unsuccessful
ATT-00114,ORD-10108,2,2026-08-01,FAILED,CUSTOMER_REFUSED,True,False,Delivery attempt unsuccessful
ATT-00115,ORD-10108,3,2026-08-01,FAILED,CUSTOMER_UNAVAILABLE,True,False,Delivery attempt unsuccessful
ATT-00116,ORD-10109,1,2026-06-12,DELIVERED,,True,False,Delivered successfully
ATT-00117,ORD-10110,1,2026-06-27,DELIVERED,,True,False,Delivered successfully
ATT-00118,ORD-10111,1,2026-08-19,DELIVERED,,True,False,Delivered successfully
ATT-00119,ORD-10112,1,2026-07-06,DELIVERED,,True,False,Delivered successfully
ATT-00120,ORD-10113,1,2026-08-05,DELIVERED,,True,False,Delivered successfully
ATT-00121,ORD-10114,1,2026-07-19,DELIVERED,,True,False,Delivered successfully
ATT-00122,ORD-10115,1,2026-08-01,DELIVERED,,True,False,Delivered successfully
ATT-00123,ORD-10116,1,2026-07-06,DELIVERED,,True,False,Delivered successfully
ATT-00124,ORD-10117,1,2026-07-23,DELIVERED,,True,False,Delivered successfully
ATT-00125,ORD-10118,1,2026-06-20,DELIVERED,,True,False,Delivered successfully
ATT-00126,ORD-10119,1,2026-08-20,DELIVERED,,True,False,Delivered successfully
ATT-00127,ORD-10120,1,2026-06-29,DELIVERED,,True,False,Delivered successfully
ATT-00128,ORD-10121,1,2026-08-08,DELIVERED,,True,False,Delivered successfully
ATT-00129,ORD-10122,1,2026-07-29,DELIVERED,,True,False,Delivered successfully
ATT-00130,ORD-10123,1,2026-07-10,FAILED,DELIVERY_DELAY,True,False,Delivery attempt unsuccessful
ATT-00131,ORD-10124,1,2026-06-18,DELIVERED,,True,False,Delivered successfully
ATT-00132,ORD-10125,1,2026-08-08,DELIVERED,,True,False,Delivered successfully
ATT-00133,ORD-10126,1,2026-06-22,DELIVERED,,True,False,Delivered successfully
ATT-00134,ORD-10127,1,2026-08-09,DELIVERED,,True,False,Delivered successfully
ATT-00135,ORD-10128,1,2026-07-26,FAILED,CUSTOMER_REFUSED,True,False,Delivery attempt unsuccessful
ATT-00136,ORD-10129,1,2026-07-19,DELIVERED,,True,False,Delivered successfully
ATT-00137,ORD-10130,1,2026-08-21,DELIVERED,,True,False,Delivered successfully
ATT-00138,ORD-10131,1,2026-08-13,DELIVERED,,True,False,Delivered successfully
ATT-00139,ORD-10132,1,2026-08-31,DELIVERED,,True,False,Delivered successfully
ATT-00140,ORD-10133,1,2026-07-15,DELIVERED,,True,False,Delivered successfully
ATT-00141,ORD-10134,1,2026-06-07,DELIVERED,,True,False,Delivered successfully
ATT-00142,ORD-10135,1,2026-09-02,DELIVERED,,True,False,Delivered successfully
ATT-00143,ORD-10136,1,2026-08-31,DELIVERED,,True,False,Delivered successfully
ATT-00144,ORD-10137,1,2026-07-16,FAILED,DELIVERY_DELAY,True,False,Delivery attempt unsuccessful
ATT-00145,ORD-10137,2,2026-07-16,FAILED,CUSTOMER_UNAVAILABLE,False,False,Delivery attempt unsuccessful
ATT-00146,ORD-10138,1,2026-08-06,DELIVERED,,True,False,Delivered successfully
ATT-00147,ORD-10139,1,2026-08-05,DELIVERED,,True,False,Delivered successfully
ATT-00148,ORD-10140,1,2026-07-09,FAILED,CUSTOMER_REFUSED,False,False,Delivery attempt unsuccessful
ATT-00149,ORD-10140,2,2026-07-09,FAILED,CUSTOMER_UNAVAILABLE,True,False,Delivery attempt unsuccessful
ATT-00150,ORD-10140,3,2026-07-09,FAILED,CUSTOMER_REFUSED,False,False,Delivery attempt unsuccessful
ATT-00151,ORD-10141,1,2026-07-27,DELIVERED,,True,False,Delivered successfully
ATT-00152,ORD-10142,1,2026-08-05,DELIVERED,,True,False,Delivered successfully
ATT-00153,ORD-10143,1,2026-08-15,DELIVERED,,True,False,Delivered successfully
ATT-00154,ORD-10144,1,2026-07-28,DELIVERED,,True,False,Delivered successfully
ATT-00155,ORD-10145,1,2026-06-11,DELIVERED,,True,False,Delivered successfully
ATT-00156,ORD-10146,1,2026-08-30,DELIVERED,,True,False,Delivered successfully
ATT-00157,ORD-10147,1,2026-06-08,DELIVERED,,True,False,Delivered successfully
ATT-00158,ORD-10148,1,2026-06-17,DELIVERED,,True,False,Delivered successfully
ATT-00159,ORD-10149,1,2026-07-23,DELIVERED,,True,False,Delivered successfully
ATT-00160,ORD-10150,1,2026-07-16,DELIVERED,,True,False,Delivered successfully
ATT-00161,ORD-10151,1,2026-07-06,DELIVERED,,True,False,Delivered successfully
ATT-00162,ORD-10152,1,2026-07-18,FAILED,CUSTOMER_RESCHEDULED,True,True,Delivery attempt unsuccessful
ATT-00163,ORD-10152,2,2026-07-18,FAILED,COD_AMOUNT_NOT_READY,False,False,Delivery attempt unsuccessful
ATT-00164,ORD-10153,1,2026-06-12,DELIVERED,,True,False,Delivered successfully
ATT-00165,ORD-10154,1,2026-08-09,DELIVERED,,True,False,Delivered successfully
ATT-00166,ORD-10155,1,2026-07-12,DELIVERED,,True,False,Delivered successfully
ATT-00167,ORD-10156,1,2026-08-18,DELIVERED,,True,False,Delivered successfully
ATT-00168,ORD-10157,1,2026-06-16,DELIVERED,,True,False,Delivered successfully
ATT-00169,ORD-10158,1,2026-08-19,DELIVERED,,True,False,Delivered successfully
ATT-00170,ORD-10159,1,2026-06-16,DELIVERED,,True,False,Delivered successfully
ATT-00171,ORD-10160,1,2026-08-12,DELIVERED,,True,False,Delivered successfully
ATT-00172,ORD-10161,1,2026-07-24,DELIVERED,,True,False,Delivered successfully
ATT-00173,ORD-10162,1,2026-07-28,DELIVERED,,True,False,Delivered successfully
ATT-00174,ORD-10163,1,2026-07-05,DELIVERED,,True,False,Delivered successfully
ATT-00175,ORD-10164,1,2026-06-12,DELIVERED,,True,False,Delivered successfully
ATT-00176,ORD-10165,1,2026-06-17,DELIVERED,,True,False,Delivered successfully
ATT-00177,ORD-10166,1,2026-09-01,DELIVERED,,True,False,Delivered successfully
ATT-00178,ORD-10167,1,2026-07-06,DELIVERED,,True,False,Delivered successfully
ATT-00179,ORD-10168,1,2026-08-05,DELIVERED,,True,False,Delivered successfully
ATT-00180,ORD-10169,1,2026-08-06,FAILED,CUSTOMER_RESCHEDULED,True,True,Delivery attempt unsuccessful
ATT-00181,ORD-10169,2,2026-08-06,FAILED,DELIVERY_DELAY,True,False,Delivery attempt unsuccessful
ATT-00182,ORD-10170,1,2026-07-07,DELIVERED,,True,False,Delivered successfully
ATT-00183,ORD-10171,1,2026-08-07,DELIVERED,,True,False,Delivered successfully
ATT-00184,ORD-10172,1,2026-08-06,DELIVERED,,True,False,Delivered successfully
ATT-00185,ORD-10173,1,2026-06-20,DELIVERED,,True,False,Delivered successfully
ATT-00186,ORD-10174,1,2026-08-27,DELIVERED,,True,False,Delivered successfully
ATT-00187,ORD-10175,1,2026-07-29,DELIVERED,,True,False,Delivered successfully
ATT-00188,ORD-10176,1,2026-06-14,FAILED,CUSTOMER_UNAVAILABLE,True,False,Delivery attempt unsuccessful
ATT-00189,ORD-10177,1,2026-07-31,DELIVERED,,True,False,Delivered successfully
ATT-00190,ORD-10178,1,2026-08-29,DELIVERED,,True,False,Delivered successfully
ATT-00191,ORD-10179,1,2026-07-31,DELIVERED,,True,False,Delivered successfully
ATT-00192,ORD-10180,1,2026-07-27,FAILED,CUSTOMER_REFUSED,False,False,Delivery attempt unsuccessful
ATT-00193,ORD-10181,1,2026-07-10,DELIVERED,,True,False,Delivered successfully
ATT-00194,ORD-10182,1,2026-06-12,DELIVERED,,True,False,Delivered successfully
ATT-00195,ORD-10183,1,2026-06-17,DELIVERED,,True,False,Delivered successfully
ATT-00196,ORD-10184,1,2026-08-02,DELIVERED,,True,False,Delivered successfully
ATT-00197,ORD-10185,1,2026-07-25,DELIVERED,,True,False,Delivered successfully
ATT-00198,ORD-10186,1,2026-06-20,DELIVERED,,True,False,Delivered successfully
ATT-00199,ORD-10187,1,2026-07-26,DELIVERED,,True,False,Delivered successfully
ATT-00200,ORD-10188,1,2026-07-15,DELIVERED,,True,False,Delivered successfully
ATT-00201,ORD-10189,1,2026-07-31,DELIVERED,,True,False,Delivered successfully
ATT-00202,ORD-10190,1,2026-06-19,DELIVERED,,True,False,Delivered successfully
ATT-00203,ORD-10191,1,2026-07-05,FAILED,CUSTOMER_REFUSED,False,False,Delivery attempt unsuccessful
ATT-00204,ORD-10191,2,2026-07-05,FAILED,DELIVERY_DELAY,True,False,Delivery attempt unsuccessful
ATT-00205,ORD-10192,1,2026-08-28,DELIVERED,,True,False,Delivered successfully
ATT-00206,ORD-10193,1,2026-08-08,DELIVERED,,True,False,Delivered successfully
ATT-00207,ORD-10194,1,2026-07-09,DELIVERED,,True,False,Delivered successfully
ATT-00208,ORD-10195,1,2026-07-02,DELIVERED,,True,False,Delivered successfully
ATT-00209,ORD-10196,1,2026-07-05,DELIVERED,,True,False,Delivered successfully
ATT-00210,ORD-10197,1,2026-07-11,DELIVERED,,True,False,Delivered successfully
ATT-00211,ORD-10198,1,2026-08-13,DELIVERED,,True,False,Delivered successfully
ATT-00212,ORD-10199,1,2026-07-01,DELIVERED,,True,False,Delivered successfully
ATT-00213,ORD-10200,1,2026-06-28,DELIVERED,,True,False,Delivered successfully
ATT-00214,ORD-10201,1,2026-07-07,DELIVERED,,True,False,Delivered successfully
ATT-00215,ORD-10202,1,2026-08-07,DELIVERED,,True,False,Delivered successfully
ATT-00216,ORD-10203,1,2026-08-06,FAILED,CUSTOMER_REFUSED,False,False,Delivery attempt unsuccessful
ATT-00217,ORD-10203,2,2026-08-06,FAILED,CUSTOMER_UNAVAILABLE,True,False,Delivery attempt unsuccessful
ATT-00218,ORD-10204,1,2026-07-15,DELIVERED,,True,False,Delivered successfully
ATT-00219,ORD-10205,1,2026-08-29,DELIVERED,,True,False,Delivered successfully
ATT-00220,ORD-10206,1,2026-08-06,DELIVERED,,True,False,Delivered successfully
ATT-00221,ORD-10207,1,2026-08-22,DELIVERED,,True,False,Delivered successfully
ATT-00222,ORD-10208,1,2026-08-15,DELIVERED,,True,False,Delivered successfully
ATT-00223,ORD-10209,1,2026-07-25,DELIVERED,,True,False,Delivered successfully
ATT-00224,ORD-10210,1,2026-06-29,FAILED,DELIVERY_DELAY,False,False,Delivery attempt unsuccessful
ATT-00225,ORD-10211,1,2026-08-14,DELIVERED,,True,False,Delivered successfully
ATT-00226,ORD-10212,1,2026-07-04,FAILED,ADDRESS_INCORRECT,True,False,Delivery attempt unsuccessful
ATT-00227,ORD-10212,2,2026-07-04,FAILED,COD_AMOUNT_NOT_READY,True,False,Delivery attempt unsuccessful
ATT-00228,ORD-10212,3,2026-07-04,FAILED,CUSTOMER_UNAVAILABLE,True,False,Delivery attempt unsuccessful
ATT-00229,ORD-10213,1,2026-08-03,DELIVERED,,True,False,Delivered successfully
ATT-00230,ORD-10214,1,2026-07-15,DELIVERED,,True,False,Delivered successfully
ATT-00231,ORD-10215,1,2026-07-26,DELIVERED,,True,False,Delivered successfully
ATT-00232,ORD-10216,1,2026-08-31,DELIVERED,,True,False,Delivered successfully
ATT-00233,ORD-10217,1,2026-06-16,DELIVERED,,True,False,Delivered successfully
ATT-00234,ORD-10218,1,2026-07-19,DELIVERED,,True,False,Delivered successfully
ATT-00235,ORD-10219,1,2026-08-14,DELIVERED,,True,False,Delivered successfully
ATT-00236,ORD-10220,1,2026-07-16,DELIVERED,,True,False,Delivered successfully
ATT-00237,ORD-10221,1,2026-07-14,DELIVERED,,True,False,Delivered successfully
ATT-00238,ORD-10222,1,2026-07-11,DELIVERED,,True,False,Delivered successfully
ATT-00239,ORD-10223,1,2026-06-22,DELIVERED,,True,False,Delivered successfully
ATT-00240,ORD-10224,1,2026-07-19,DELIVERED,,True,False,Delivered successfully
ATT-00241,ORD-10225,1,2026-07-08,DELIVERED,,True,False,Delivered successfully
ATT-00242,ORD-10226,1,2026-08-18,DELIVERED,,True,False,Delivered successfully
ATT-00243,ORD-10227,1,2026-06-08,DELIVERED,,True,False,Delivered successfully
ATT-00244,ORD-10228,1,2026-07-17,DELIVERED,,True,False,Delivered successfully
ATT-00245,ORD-10229,1,2026-08-23,DELIVERED,,True,False,Delivered successfully
ATT-00246,ORD-10230,1,2026-07-04,DELIVERED,,True,False,Delivered successfully
ATT-00247,ORD-10231,1,2026-06-10,DELIVERED,,True,False,Delivered successfully
ATT-00248,ORD-10232,1,2026-07-08,DELIVERED,,True,False,Delivered successfully
ATT-00249,ORD-10233,1,2026-06-19,DELIVERED,,True,False,Delivered successfully
ATT-00250,ORD-10234,1,2026-08-27,DELIVERED,,True,False,Delivered successfully
ATT-00251,ORD-10235,1,2026-07-26,DELIVERED,,True,False,Delivered successfully
ATT-00252,ORD-10236,1,2026-08-26,FAILED,CUSTOMER_REFUSED,True,False,Delivery attempt unsuccessful
ATT-00253,ORD-10236,2,2026-08-26,FAILED,CUSTOMER_REFUSED,True,False,Delivery attempt unsuccessful
ATT-00254,ORD-10237,1,2026-08-02,DELIVERED,,True,False,Delivered successfully
ATT-00255,ORD-10238,1,2026-08-28,DELIVERED,,True,False,Delivered successfully
ATT-00256,ORD-10239,1,2026-09-01,DELIVERED,,True,False,Delivered successfully
ATT-00257,ORD-10240,1,2026-08-19,DELIVERED,,True,False,Delivered successfully
ATT-00258,ORD-10241,1,2026-08-29,DELIVERED,,True,False,Delivered successfully
ATT-00259,ORD-10242,1,2026-07-15,DELIVERED,,True,False,Delivered successfully
ATT-00260,ORD-10243,1,2026-07-31,DELIVERED,,True,False,Delivered successfully
ATT-00261,ORD-10244,1,2026-08-24,DELIVERED,,True,False,Delivered successfully
ATT-00262,ORD-10245,1,2026-06-21,DELIVERED,,True,False,Delivered successfully
ATT-00263,ORD-10246,1,2026-08-06,DELIVERED,,True,False,Delivered successfully
ATT-00264,ORD-10247,1,2026-08-25,DELIVERED,,True,False,Delivered successfully
ATT-00265,ORD-10248,1,2026-07-11,DELIVERED,,True,False,Delivered successfully
ATT-00266,ORD-10249,1,2026-06-05,DELIVERED,,True,False,Delivered successfully
ATT-00267,ORD-10250,1,2026-07-02,FAILED,PINCODE_NOT_SERVICEABLE,True,False,Delivery attempt unsuccessful
ATT-00268,ORD-10251,1,2026-06-19,DELIVERED,,True,False,Delivered successfully
ATT-00269,ORD-10252,1,2026-07-11,DELIVERED,,True,False,Delivered successfully
ATT-00270,ORD-10253,1,2026-06-14,DELIVERED,,True,False,Delivered successfully
ATT-00271,ORD-10254,1,2026-06-13,DELIVERED,,True,False,Delivered successfully
ATT-00272,ORD-10255,1,2026-06-27,DELIVERED,,True,False,Delivered successfully
ATT-00273,ORD-10256,1,2026-08-10,DELIVERED,,True,False,Delivered successfully
ATT-00274,ORD-10257,1,2026-06-25,DELIVERED,,True,False,Delivered successfully
ATT-00275,ORD-10258,1,2026-06-28,DELIVERED,,True,False,Delivered successfully
ATT-00276,ORD-10259,1,2026-07-23,DELIVERED,,True,False,Delivered successfully
ATT-00277,ORD-10260,1,2026-08-02,DELIVERED,,True,False,Delivered successfully
ATT-00278,ORD-10261,1,2026-07-22,DELIVERED,,True,False,Delivered successfully
ATT-00279,ORD-10262,1,2026-06-13,DELIVERED,,True,False,Delivered successfully
ATT-00280,ORD-10263,1,2026-07-11,DELIVERED,,True,False,Delivered successfully
ATT-00281,ORD-10264,1,2026-06-05,DELIVERED,,True,False,Delivered successfully
ATT-00282,ORD-10265,1,2026-07-16,DELIVERED,,True,False,Delivered successfully
ATT-00283,ORD-10266,1,2026-07-28,DELIVERED,,True,False,Delivered successfully
ATT-00284,ORD-10267,1,2026-07-12,DELIVERED,,True,False,Delivered successfully
ATT-00285,ORD-10268,1,2026-08-10,DELIVERED,,True,False,Delivered successfully
ATT-00286,ORD-10269,1,2026-06-21,DELIVERED,,True,False,Delivered successfully
ATT-00287,ORD-10270,1,2026-08-13,DELIVERED,,True,False,Delivered successfully
ATT-00288,ORD-10271,1,2026-06-05,DELIVERED,,True,False,Delivered successfully
ATT-00289,ORD-10272,1,2026-07-16,DELIVERED,,True,False,Delivered successfully
ATT-00290,ORD-10273,1,2026-08-11,DELIVERED,,True,False,Delivered successfully
ATT-00291,ORD-10274,1,2026-08-19,DELIVERED,,True,False,Delivered successfully
ATT-00292,ORD-10275,1,2026-08-01,DELIVERED,,True,False,Delivered successfully
ATT-00293,ORD-10276,1,2026-07-17,DELIVERED,,True,False,Delivered successfully
ATT-00294,ORD-10277,1,2026-08-05,DELIVERED,,True,False,Delivered successfully
ATT-00295,ORD-10278,1,2026-08-02,DELIVERED,,True,False,Delivered successfully
ATT-00296,ORD-10279,1,2026-08-12,DELIVERED,,True,False,Delivered successfully
ATT-00297,ORD-10280,1,2026-08-06,DELIVERED,,True,False,Delivered successfully
ATT-00298,ORD-10281,1,2026-06-14,DELIVERED,,True,False,Delivered successfully
ATT-00299,ORD-10282,1,2026-07-18,DELIVERED,,True,False,Delivered successfully
ATT-00300,ORD-10283,1,2026-07-21,DELIVERED,,True,False,Delivered successfully
ATT-00301,ORD-10284,1,2026-07-05,DELIVERED,,True,False,Delivered successfully
ATT-00302,ORD-10285,1,2026-07-17,DELIVERED,,True,False,Delivered successfully
ATT-00303,ORD-10286,1,2026-08-26,DELIVERED,,True,False,Delivered successfully
ATT-00304,ORD-10287,1,2026-06-20,DELIVERED,,True,False,Delivered successfully
ATT-00305,ORD-10288,1,2026-08-06,DELIVERED,,True,False,Delivered successfully
ATT-00306,ORD-10289,1,2026-07-12,FAILED,CUSTOMER_REFUSED,True,False,Delivery attempt unsuccessful
ATT-00307,ORD-10289,2,2026-07-12,FAILED,COD_AMOUNT_NOT_READY,True,False,Delivery attempt unsuccessful
ATT-00308,ORD-10289,3,2026-07-12,FAILED,PHONE_UNREACHABLE,False,False,Delivery attempt unsuccessful
ATT-00309,ORD-10290,1,2026-06-23,DELIVERED,,True,False,Delivered successfully
ATT-00310,ORD-10291,1,2026-08-06,DELIVERED,,True,False,Delivered successfully
ATT-00311,ORD-10292,1,2026-08-26,DELIVERED,,True,False,Delivered successfully
ATT-00312,ORD-10293,1,2026-07-05,DELIVERED,,True,False,Delivered successfully
ATT-00313,ORD-10294,1,2026-07-12,DELIVERED,,True,False,Delivered successfully
ATT-00314,ORD-10295,1,2026-08-11,DELIVERED,,True,False,Delivered successfully
ATT-00315,ORD-10296,1,2026-06-18,DELIVERED,,True,False,Delivered successfully
ATT-00316,ORD-10297,1,2026-06-18,DELIVERED,,True,False,Delivered successfully
ATT-00317,ORD-10298,1,2026-08-10,DELIVERED,,True,False,Delivered successfully
ATT-00318,ORD-10299,1,2026-06-07,DELIVERED,,True,False,Delivered successfully
ATT-00319,ORD-10300,1,2026-06-21,DELIVERED,,True,False,Delivered successfully
ATT-00320,ORD-10301,1,2026-06-16,DELIVERED,,True,False,Delivered successfully
ATT-00321,ORD-10302,1,2026-06-26,DELIVERED,,True,False,Delivered successfully
ATT-00322,ORD-10303,1,2026-07-08,DELIVERED,,True,False,Delivered successfully
ATT-00323,ORD-10304,1,2026-08-27,DELIVERED,,True,False,Delivered successfully
ATT-00324,ORD-10305,1,2026-08-22,FAILED,CUSTOMER_UNAVAILABLE,True,False,Delivery attempt unsuccessful
ATT-00325,ORD-10305,2,2026-08-22,FAILED,DELIVERY_DELAY,False,False,Delivery attempt unsuccessful
ATT-00326,ORD-10305,3,2026-08-22,FAILED,ADDRESS_INCORRECT,True,False,Delivery attempt unsuccessful
ATT-00327,ORD-10306,1,2026-08-12,DELIVERED,,True,False,Delivered successfully
ATT-00328,ORD-10307,1,2026-07-01,DELIVERED,,True,False,Delivered successfully
ATT-00329,ORD-10308,1,2026-08-17,DELIVERED,,True,False,Delivered successfully
ATT-00330,ORD-10309,1,2026-07-11,DELIVERED,,True,False,Delivered successfully
ATT-00331,ORD-10310,1,2026-07-19,DELIVERED,,True,False,Delivered successfully
ATT-00332,ORD-10311,1,2026-08-26,DELIVERED,,True,False,Delivered successfully
ATT-00333,ORD-10312,1,2026-07-06,DELIVERED,,True,False,Delivered successfully
ATT-00334,ORD-10313,1,2026-08-30,DELIVERED,,True,False,Delivered successfully
ATT-00335,ORD-10314,1,2026-07-17,DELIVERED,,True,False,Delivered successfully
ATT-00336,ORD-10315,1,2026-06-20,DELIVERED,,True,False,Delivered successfully
ATT-00337,ORD-10316,1,2026-08-08,DELIVERED,,True,False,Delivered successfully
ATT-00338,ORD-10317,1,2026-08-07,DELIVERED,,True,False,Delivered successfully
ATT-00339,ORD-10318,1,2026-06-26,DELIVERED,,True,False,Delivered successfully
ATT-00340,ORD-10319,1,2026-07-21,DELIVERED,,True,False,Delivered successfully
ATT-00341,ORD-10320,1,2026-06-18,DELIVERED,,True,False,Delivered successfully
ATT-00342,ORD-10321,1,2026-06-05,DELIVERED,,True,False,Delivered successfully
ATT-00343,ORD-10322,1,2026-08-03,DELIVERED,,True,False,Delivered successfully
ATT-00344,ORD-10323,1,2026-08-14,DELIVERED,,True,False,Delivered successfully
ATT-00345,ORD-10324,1,2026-06-29,DELIVERED,,True,False,Delivered successfully
ATT-00346,ORD-10325,1,2026-06-24,DELIVERED,,True,False,Delivered successfully
ATT-00347,ORD-10326,1,2026-07-23,DELIVERED,,True,False,Delivered successfully
ATT-00348,ORD-10327,1,2026-07-05,FAILED,CUSTOMER_UNAVAILABLE,False,False,Delivery attempt unsuccessful
ATT-00349,ORD-10327,2,2026-07-05,FAILED,DELIVERY_DELAY,True,False,Delivery attempt unsuccessful
ATT-00350,ORD-10328,1,2026-08-18,DELIVERED,,True,False,Delivered successfully
ATT-00351,ORD-10329,1,2026-06-30,DELIVERED,,True,False,Delivered successfully
ATT-00352,ORD-10330,1,2026-07-16,DELIVERED,,True,False,Delivered successfully
ATT-00353,ORD-10331,1,2026-06-13,DELIVERED,,True,False,Delivered successfully
ATT-00354,ORD-10332,1,2026-07-31,DELIVERED,,True,False,Delivered successfully
ATT-00355,ORD-10333,1,2026-06-10,DELIVERED,,True,False,Delivered successfully
ATT-00356,ORD-10334,1,2026-07-05,DELIVERED,,True,False,Delivered successfully
ATT-00357,ORD-10335,1,2026-06-20,DELIVERED,,True,False,Delivered successfully
ATT-00358,ORD-10336,1,2026-08-16,DELIVERED,,True,False,Delivered successfully
ATT-00359,ORD-10337,1,2026-07-25,FAILED,DELIVERY_DELAY,True,False,Delivery attempt unsuccessful
ATT-00360,ORD-10337,2,2026-07-25,FAILED,CUSTOMER_UNAVAILABLE,True,False,Delivery attempt unsuccessful
ATT-00361,ORD-10338,1,2026-07-09,DELIVERED,,True,False,Delivered successfully
ATT-00362,ORD-10339,1,2026-08-30,DELIVERED,,True,False,Delivered successfully
ATT-00363,ORD-10340,1,2026-06-28,DELIVERED,,True,False,Delivered successfully
ATT-00364,ORD-10341,1,2026-06-26,DELIVERED,,True,False,Delivered successfully
ATT-00365,ORD-10342,1,2026-06-16,DELIVERED,,True,False,Delivered successfully
ATT-00366,ORD-10343,1,2026-06-11,DELIVERED,,True,False,Delivered successfully
ATT-00367,ORD-10344,1,2026-06-05,DELIVERED,,True,False,Delivered successfully
ATT-00368,ORD-10345,1,2026-08-01,DELIVERED,,True,False,Delivered successfully
ATT-00369,ORD-10346,1,2026-07-14,DELIVERED,,True,False,Delivered successfully
ATT-00370,ORD-10347,1,2026-06-15,DELIVERED,,True,False,Delivered successfully
ATT-00371,ORD-10348,1,2026-06-14,DELIVERED,,True,False,Delivered successfully
ATT-00372,ORD-10349,1,2026-08-16,FAILED,DELIVERY_DELAY,False,False,Delivery attempt unsuccessful
ATT-00373,ORD-10350,1,2026-06-11,DELIVERED,,True,False,Delivered successfully
ATT-00374,ORD-10351,1,2026-08-12,DELIVERED,,True,False,Delivered successfully
ATT-00375,ORD-10352,1,2026-06-18,DELIVERED,,True,False,Delivered successfully
ATT-00376,ORD-10353,1,2026-07-05,DELIVERED,,True,False,Delivered successfully
ATT-00377,ORD-10354,1,2026-08-26,DELIVERED,,True,False,Delivered successfully
ATT-00378,ORD-10355,1,2026-06-19,DELIVERED,,True,False,Delivered successfully
ATT-00379,ORD-10356,1,2026-06-30,DELIVERED,,True,False,Delivered successfully
ATT-00380,ORD-10357,1,2026-06-14,DELIVERED,,True,False,Delivered successfully
ATT-00381,ORD-10358,1,2026-06-17,DELIVERED,,True,False,Delivered successfully
ATT-00382,ORD-10359,1,2026-06-07,DELIVERED,,True,False,Delivered successfully
ATT-00383,ORD-10360,1,2026-06-09,DELIVERED,,True,False,Delivered successfully
ATT-00384,ORD-10361,1,2026-06-07,DELIVERED,,True,False,Delivered successfully
ATT-00385,ORD-10362,1,2026-07-18,DELIVERED,,True,False,Delivered successfully
ATT-00386,ORD-10363,1,2026-07-15,DELIVERED,,True,False,Delivered successfully
ATT-00387,ORD-10364,1,2026-06-24,DELIVERED,,True,False,Delivered successfully
ATT-00388,ORD-10365,1,2026-07-21,DELIVERED,,True,False,Delivered successfully
ATT-00389,ORD-10366,1,2026-06-22,DELIVERED,,True,False,Delivered successfully
ATT-00390,ORD-10367,1,2026-07-09,DELIVERED,,True,False,Delivered successfully
ATT-00391,ORD-10368,1,2026-07-26,DELIVERED,,True,False,Delivered successfully
ATT-00392,ORD-10369,1,2026-08-25,DELIVERED,,True,False,Delivered successfully
ATT-00393,ORD-10370,1,2026-06-07,DELIVERED,,True,False,Delivered successfully
ATT-00394,ORD-10371,1,2026-08-25,DELIVERED,,True,False,Delivered successfully
ATT-00395,ORD-10372,1,2026-06-08,FAILED,PINCODE_NOT_SERVICEABLE,True,False,Delivery attempt unsuccessful
ATT-00396,ORD-10372,2,2026-06-08,FAILED,COD_AMOUNT_NOT_READY,True,False,Delivery attempt unsuccessful
ATT-00397,ORD-10373,1,2026-07-07,DELIVERED,,True,False,Delivered successfully
ATT-00398,ORD-10374,1,2026-06-10,DELIVERED,,True,False,Delivered successfully
ATT-00399,ORD-10375,1,2026-07-11,DELIVERED,,True,False,Delivered successfully
ATT-00400,ORD-10376,1,2026-06-18,DELIVERED,,True,False,Delivered successfully
ATT-00401,ORD-10377,1,2026-08-12,DELIVERED,,True,False,Delivered successfully
ATT-00402,ORD-10378,1,2026-07-11,DELIVERED,,True,False,Delivered successfully
ATT-00403,ORD-10379,1,2026-07-13,DELIVERED,,True,False,Delivered successfully
ATT-00404,ORD-10380,1,2026-09-02,DELIVERED,,True,False,Delivered successfully
ATT-00405,ORD-10381,1,2026-08-16,DELIVERED,,True,False,Delivered successfully
ATT-00406,ORD-10382,1,2026-07-18,FAILED,PINCODE_NOT_SERVICEABLE,False,False,Delivery attempt unsuccessful
ATT-00407,ORD-10383,1,2026-06-09,DELIVERED,,True,False,Delivered successfully
ATT-00408,ORD-10384,1,2026-07-28,DELIVERED,,True,False,Delivered successfully
ATT-00409,ORD-10385,1,2026-08-21,DELIVERED,,True,False,Delivered successfully
ATT-00410,ORD-10386,1,2026-06-21,DELIVERED,,True,False,Delivered successfully
ATT-00411,ORD-10387,1,2026-08-03,DELIVERED,,True,False,Delivered successfully
ATT-00412,ORD-10388,1,2026-06-10,DELIVERED,,True,False,Delivered successfully
ATT-00413,ORD-10389,1,2026-06-30,DELIVERED,,True,False,Delivered successfully
ATT-00414,ORD-10390,1,2026-08-25,DELIVERED,,True,False,Delivered successfully
ATT-00415,ORD-10391,1,2026-07-21,DELIVERED,,True,False,Delivered successfully
ATT-00416,ORD-10392,1,2026-07-04,DELIVERED,,True,False,Delivered successfully
ATT-00417,ORD-10393,1,2026-06-22,DELIVERED,,True,False,Delivered successfully
ATT-00418,ORD-10394,1,2026-07-20,DELIVERED,,True,False,Delivered successfully
ATT-00419,ORD-10395,1,2026-08-08,DELIVERED,,True,False,Delivered successfully
ATT-00420,ORD-10396,1,2026-08-23,DELIVERED,,True,False,Delivered successfully
ATT-00421,ORD-10397,1,2026-06-12,DELIVERED,,True,False,Delivered successfully
ATT-00422,ORD-10398,1,2026-08-09,DELIVERED,,True,False,Delivered successfully
ATT-00423,ORD-10399,1,2026-06-17,DELIVERED,,True,False,Delivered successfully
ATT-00424,ORD-10400,1,2026-06-30,DELIVERED,,True,False,Delivered successfully
ATT-00425,ORD-10401,1,2026-07-28,DELIVERED,,True,False,Delivered successfully
ATT-00426,ORD-10402,1,2026-07-25,DELIVERED,,True,False,Delivered successfully
ATT-00427,ORD-10403,1,2026-08-17,DELIVERED,,True,False,Delivered successfully
ATT-00428,ORD-10404,1,2026-08-29,DELIVERED,,True,False,Delivered successfully
ATT-00429,ORD-10405,1,2026-06-08,DELIVERED,,True,False,Delivered successfully
ATT-00430,ORD-10406,1,2026-07-13,DELIVERED,,True,False,Delivered successfully
ATT-00431,ORD-10407,1,2026-08-31,DELIVERED,,True,False,Delivered successfully
ATT-00432,ORD-10408,1,2026-08-28,DELIVERED,,True,False,Delivered successfully
ATT-00433,ORD-10409,1,2026-08-06,DELIVERED,,True,False,Delivered successfully
ATT-00434,ORD-10410,1,2026-07-25,DELIVERED,,True,False,Delivered successfully
ATT-00435,ORD-10411,1,2026-06-07,DELIVERED,,True,False,Delivered successfully
ATT-00436,ORD-10412,1,2026-06-09,DELIVERED,,True,False,Delivered successfully
ATT-00437,ORD-10413,1,2026-08-05,DELIVERED,,True,False,Delivered successfully
ATT-00438,ORD-10414,1,2026-06-22,DELIVERED,,True,False,Delivered successfully
ATT-00439,ORD-10415,1,2026-08-16,DELIVERED,,True,False,Delivered successfully
ATT-00440,ORD-10416,1,2026-08-19,DELIVERED,,True,False,Delivered successfully
ATT-00441,ORD-10417,1,2026-06-06,DELIVERED,,True,False,Delivered successfully
ATT-00442,ORD-10418,1,2026-08-21,FAILED,DELIVERY_DELAY,True,False,Delivery attempt unsuccessful
ATT-00443,ORD-10419,1,2026-07-19,FAILED,PINCODE_NOT_SERVICEABLE,True,False,Delivery attempt unsuccessful
ATT-00444,ORD-10419,2,2026-07-19,FAILED,PHONE_UNREACHABLE,False,False,Delivery attempt unsuccessful
ATT-00445,ORD-10420,1,2026-06-05,DELIVERED,,True,False,Delivered successfully
ATT-00446,ORD-10421,1,2026-07-02,DELIVERED,,True,False,Delivered successfully
ATT-00447,ORD-10422,1,2026-06-30,DELIVERED,,True,False,Delivered successfully
ATT-00448,ORD-10423,1,2026-08-31,DELIVERED,,True,False,Delivered successfully
ATT-00449,ORD-10424,1,2026-08-14,DELIVERED,,True,False,Delivered successfully
ATT-00450,ORD-10425,1,2026-08-15,DELIVERED,,True,False,Delivered successfully
ATT-00451,ORD-10426,1,2026-08-05,DELIVERED,,True,False,Delivered successfully
ATT-00452,ORD-10427,1,2026-06-22,DELIVERED,,True,False,Delivered successfully
ATT-00453,ORD-10428,1,2026-06-26,DELIVERED,,True,False,Delivered successfully
ATT-00454,ORD-10429,1,2026-07-31,DELIVERED,,True,False,Delivered successfully
ATT-00455,ORD-10430,1,2026-08-04,DELIVERED,,True,False,Delivered successfully
ATT-00456,ORD-10431,1,2026-07-03,DELIVERED,,True,False,Delivered successfully
ATT-00457,ORD-10432,1,2026-07-30,DELIVERED,,True,False,Delivered successfully
ATT-00458,ORD-10433,1,2026-07-22,DELIVERED,,True,False,Delivered successfully
ATT-00459,ORD-10434,1,2026-06-25,DELIVERED,,True,False,Delivered successfully
ATT-00460,ORD-10435,1,2026-07-17,DELIVERED,,True,False,Delivered successfully
ATT-00461,ORD-10436,1,2026-06-24,DELIVERED,,True,False,Delivered successfully
ATT-00462,ORD-10437,1,2026-08-04,DELIVERED,,True,False,Delivered successfully
ATT-00463,ORD-10438,1,2026-07-23,DELIVERED,,True,False,Delivered successfully
ATT-00464,ORD-10439,1,2026-08-01,DELIVERED,,True,False,Delivered successfully
ATT-00465,ORD-10440,1,2026-06-21,DELIVERED,,True,False,Delivered successfully
ATT-00466,ORD-10441,1,2026-06-25,DELIVERED,,True,False,Delivered successfully
ATT-00467,ORD-10442,1,2026-08-29,DELIVERED,,True,False,Delivered successfully
ATT-00468,ORD-10443,1,2026-08-07,DELIVERED,,True,False,Delivered successfully
ATT-00469,ORD-10444,1,2026-07-28,DELIVERED,,True,False,Delivered successfully
ATT-00470,ORD-10445,1,2026-08-08,DELIVERED,,True,False,Delivered successfully
ATT-00471,ORD-10446,1,2026-06-16,DELIVERED,,True,False,Delivered successfully
ATT-00472,ORD-10447,1,2026-08-24,DELIVERED,,True,False,Delivered successfully
ATT-00473,ORD-10448,1,2026-07-23,DELIVERED,,True,False,Delivered successfully
ATT-00474,ORD-10449,1,2026-08-09,DELIVERED,,True,False,Delivered successfully
ATT-00475,ORD-10450,1,2026-06-12,DELIVERED,,True,False,Delivered successfully
ATT-00476,ORD-10451,1,2026-07-20,DELIVERED,,True,False,Delivered successfully
ATT-00477,ORD-10452,1,2026-08-15,DELIVERED,,True,False,Delivered successfully
ATT-00478,ORD-10453,1,2026-07-09,DELIVERED,,True,False,Delivered successfully
ATT-00479,ORD-10454,1,2026-06-16,DELIVERED,,True,False,Delivered successfully
ATT-00480,ORD-10455,1,2026-08-06,DELIVERED,,True,False,Delivered successfully
ATT-00481,ORD-10456,1,2026-09-01,DELIVERED,,True,False,Delivered successfully
ATT-00482,ORD-10457,1,2026-08-03,DELIVERED,,True,False,Delivered successfully
ATT-00483,ORD-10458,1,2026-07-17,DELIVERED,,True,False,Delivered successfully
ATT-00484,ORD-10459,1,2026-08-14,DELIVERED,,True,False,Delivered successfully
ATT-00485,ORD-10460,1,2026-07-17,DELIVERED,,True,False,Delivered successfully
ATT-00486,ORD-10461,1,2026-06-10,FAILED,ADDRESS_INCORRECT,True,False,Delivery attempt unsuccessful
ATT-00487,ORD-10461,2,2026-06-10,FAILED,CUSTOMER_REFUSED,False,False,Delivery attempt unsuccessful
ATT-00488,ORD-10461,3,2026-06-10,FAILED,ADDRESS_INCORRECT,False,False,Delivery attempt unsuccessful
ATT-00489,ORD-10462,1,2026-08-16,DELIVERED,,True,False,Delivered successfully
ATT-00490,ORD-10463,1,2026-08-06,FAILED,ADDRESS_NOT_FOUND,True,False,Delivery attempt unsuccessful
ATT-00491,ORD-10463,2,2026-08-06,FAILED,CUSTOMER_REFUSED,True,False,Delivery attempt unsuccessful
ATT-00492,ORD-10464,1,2026-06-13,DELIVERED,,True,False,Delivered successfully
ATT-00493,ORD-10465,1,2026-07-14,DELIVERED,,True,False,Delivered successfully
ATT-00494,ORD-10466,1,2026-08-30,DELIVERED,,True,False,Delivered successfully
ATT-00495,ORD-10467,1,2026-08-25,DELIVERED,,True,False,Delivered successfully
ATT-00496,ORD-10468,1,2026-06-16,FAILED,DELIVERY_DELAY,False,False,Delivery attempt unsuccessful
ATT-00497,ORD-10468,2,2026-06-16,FAILED,ADDRESS_INCORRECT,True,False,Delivery attempt unsuccessful
ATT-00498,ORD-10469,1,2026-07-25,DELIVERED,,True,False,Delivered successfully
ATT-00499,ORD-10470,1,2026-06-29,DELIVERED,,True,False,Delivered successfully
ATT-00500,ORD-10471,1,2026-06-15,DELIVERED,,True,False,Delivered successfully
ATT-00501,ORD-10472,1,2026-07-23,DELIVERED,,True,False,Delivered successfully
ATT-00502,ORD-10473,1,2026-07-21,DELIVERED,,True,False,Delivered successfully
ATT-00503,ORD-10474,1,2026-07-12,DELIVERED,,True,False,Delivered successfully
ATT-00504,ORD-10475,1,2026-09-01,DELIVERED,,True,False,Delivered successfully
ATT-00505,ORD-10476,1,2026-06-18,DELIVERED,,True,False,Delivered successfully
ATT-00506,ORD-10477,1,2026-08-13,DELIVERED,,True,False,Delivered successfully
ATT-00507,ORD-10478,1,2026-08-10,DELIVERED,,True,False,Delivered successfully
ATT-00508,ORD-10479,1,2026-08-17,DELIVERED,,True,False,Delivered successfully
ATT-00509,ORD-10480,1,2026-08-29,DELIVERED,,True,False,Delivered successfully
ATT-00510,ORD-10481,1,2026-06-10,DELIVERED,,True,False,Delivered successfully
ATT-00511,ORD-10482,1,2026-08-25,DELIVERED,,True,False,Delivered successfully
ATT-00512,ORD-10483,1,2026-06-14,DELIVERED,,True,False,Delivered successfully
ATT-00513,ORD-10484,1,2026-06-28,DELIVERED,,True,False,Delivered successfully
ATT-00514,ORD-10485,1,2026-08-20,DELIVERED,,True,False,Delivered successfully
ATT-00515,ORD-10486,1,2026-08-04,DELIVERED,,True,False,Delivered successfully
ATT-00516,ORD-10487,1,2026-07-28,DELIVERED,,True,False,Delivered successfully
ATT-00517,ORD-10488,1,2026-06-23,DELIVERED,,True,False,Delivered successfully
ATT-00518,ORD-10489,1,2026-07-29,DELIVERED,,True,False,Delivered successfully
ATT-00519,ORD-10490,1,2026-06-08,DELIVERED,,True,False,Delivered successfully
ATT-00520,ORD-10491,1,2026-08-20,DELIVERED,,True,False,Delivered successfully
ATT-00521,ORD-10492,1,2026-06-11,DELIVERED,,True,False,Delivered successfully
ATT-00522,ORD-10493,1,2026-06-26,DELIVERED,,True,False,Delivered successfully
ATT-00523,ORD-10494,1,2026-07-26,DELIVERED,,True,False,Delivered successfully
ATT-00524,ORD-10495,1,2026-06-28,DELIVERED,,True,False,Delivered successfully
ATT-00525,ORD-10496,1,2026-09-01,DELIVERED,,True,False,Delivered successfully
ATT-00526,ORD-10497,1,2026-09-01,DELIVERED,,True,False,Delivered successfully
ATT-00527,ORD-10498,1,2026-07-03,DELIVERED,,True,False,Delivered successfully
ATT-00528,ORD-10499,1,2026-07-26,FAILED,ADDRESS_NOT_FOUND,True,False,Delivery attempt unsuccessful
ATT-00529,ORD-10499,2,2026-07-26,FAILED,CUSTOMER_RESCHEDULED,True,True,Delivery attempt unsuccessful
